Metric,ACO,Dijkstra,A*,Floyd-Warshall
SuccessRate,100,100,100,100
AvgTime,0.032307,1.4151e-05,1.36611e-05,0.000220596
TotalTime,2.26149,0.000990573,0.000956276,0.0154417
